numParticles,numIterations,Jbest,Time Elapsed,xi1,xi2,xi3,xi4,vi1,vi2,vi3,vi4,t1,deltaE,t2,
110,50,1.3876,5.6525,1,-1,-0.20413,-0.52784,-0.68512,-0.33649,-0.86433,-1,0.82968,1.816,0.55794
110,50,1.2392,4.4807,-0.045931,1,-0.22398,1,0.55472,0.27274,0.27706,0.99994,0.74793,3.0859,0.49127
110,50,1.165,4.4324,0.37676,-0.080211,0.14242,0.6431,-0.27555,-0.65647,-0.24655,-0.16638,0.72104,2.3077,0.44396
110,50,1.1625,4.2957,0.0093889,-0.51758,-0.90264,0.33808,-0.49135,0.0052032,1,-1,0.73242,2.5999,0.43012
110,50,1.8437,5.0961,-0.23812,0.83653,0.16474,-0.61535,-0.94944,-0.12875,-0.9074,-0.089377,0.88583,1.1688,0.8389
