numParticles,numIterations,Jbest,Time Elapsed,xi1,xi2,xi3,xi4,vi1,vi2,vi3,vi4,t1,deltaE,t2,
110,100,1.087,10.545,-0.17759,0.23544,0.741,0.22615,-0.099913,0.24095,0.35465,-0.28529,0.67287,2.7611,0.41408
110,100,1.278,8.9237,-0.73134,-0.60674,0.52883,0.34964,0.57876,-0.99261,0.13739,-1,0.86586,3.3154,0.41211
110,100,1.1341,8.7975,-0.025581,0.41975,1,-0.17052,0.27887,0.11198,0.96727,0.27075,0.69909,2.9113,0.435
110,100,1.2453,8.6172,-0.84994,-0.34106,1,0.58601,-0.36416,-0.21526,-1,0.754,0.81066,2.7249,0.43465
110,100,2.0782,9.1759,-0.20994,0.47664,1,0.72386,-0.43735,0.51747,-1,-0.15905,1.9063,1.3745,0.17194
