numParticles,numIterations,Jbest,Time Elapsed,xi1,xi2,xi3,xi4,vi1,vi2,vi3,vi4,t1,deltaE,t2,
110,250,1.1083,22.31,0.47899,-0.69042,-0.65978,-0.66844,0.098924,-0.82973,0.24345,0.211,0.70909,2.7469,0.39926
110,250,1.1265,21.953,-0.75943,0.89687,0.41089,0.1371,0.055864,0.92041,-0.98787,-0.63133,0.71181,3.0421,0.41469
110,250,1.3176,21.613,-1,1,-1,0.93734,-0.33052,-0.93594,-0.96898,-1,0.82032,2.5049,0.49728
110,250,1.1327,21.254,-0.0019594,0.63229,0.055927,-0.47167,-0.43776,-0.28529,0.42006,0.92085,0.68552,2.4052,0.44722
110,250,1.1221,21.413,0.56867,-1,0.87916,-0.072856,0.30262,0.25769,-0.95049,-1,0.7043,2.834,0.41781
