numParticles,numIterations,Jbest,Time Elapsed,xi1,xi2,xi3,xi4,vi1,vi2,vi3,vi4,t1,deltaE,t2,
110,500,1.1367,41.836,-0.060906,1,0.30828,0.13698,0.08804,0.57579,0.55427,-0.19232,0.71704,2.7732,0.41968
110,500,1.0884,43.099,-0.23318,0.10803,0.35413,-0.048238,-0.019161,-0.33119,0.26398,-0.13943,0.67507,2.8075,0.41329
