numParticles,numIterations,Jbest,Time Elapsed,xi1,xi2,xi3,xi4,vi1,vi2,vi3,vi4,t1,deltaE,t2,
110,1000,1.2927,86.633,0.22121,-0.70082,1,0.74755,-0.99453,0.57452,-0.72894,0.59147,0.72879,1.9519,0.56393
110,1000,2.4247,87.751,0.7103,-0.90772,1,0.59192,-1,0.094716,1,0.26662,2.4147,2.3756,0.01
110,1000,1.0825,86.399,0.10261,-0.17809,0.41187,-0.40289,0.008455,-0.12987,-0.36196,1,0.67112,2.7608,0.41141
110,1000,1.0938,85.903,-0.21018,-0.014996,-0.015249,0.45498,0.033396,-0.38352,-0.68414,-1,0.6784,2.7894,0.41543
110,1000,1.17,84.462,-0.85979,0.33082,0.1942,1,0.30502,-1,-1,0.024007,0.76199,3.0333,0.40797
