numParticles,numIterations,Jbest,Time Elapsed,xi1,xi2,xi3,xi4,vi1,vi2,vi3,vi4,t1,deltaE,t2,
110,25,2.7603,3.8178,-0.25017,-1,0.86706,-1,1,-0.42698,-0.93159,-1,0.73348,2.7412,1.3203
110,25,9.5909,3.4192,1,0.46859,0.48928,-0.72387,-0.35404,0.9519,-0.71922,0.54985,0.001,3.689,2.4478
110,25,8.3222,4.991,-0.33522,1,-0.53538,0.99581,0.90554,-0.41504,0.040327,0.82401,1.7551,5.7153,2.5959
110,25,1.4074,2.2141,0.96852,-0.62318,0.007113,1,0.2032,0.18315,-0.01585,0.53731,0.87949,2.5173,0.3932
110,25,13.522,2.2111,0.384,-0.15783,-0.18254,0.99989,-1,1,-1,-1,0.70352,2.7137,0.01
