numParticles,numIterations,Jbest,Time Elapsed,xi1,xi2,xi3,xi4,vi1,vi2,vi3,vi4,t1,deltaE,t2,
110,500,1.2694,43.565,0.94043,0.81051,-0.97652,-0.96149,0.062546,-0.20531,-0.068084,-0.70458,0.90176,2.3915,0.36767
110,500,4.5439,100.91,-0.48915,-1,0.60337,-0.31261,0.17826,-0.24301,-0.13857,0.42849,1.5439,4.5351,3
110,500,1.1002,46.168,0.39044,0.10809,-1,-1,-0.080296,0.84692,-0.99998,-0.59466,0.69816,2.7576,0.40208
110,500,3.4871,100.68,-0.050286,0.17078,0.36724,0.56848,0.83023,-0.0042733,0.7887,-0.1872,1.7187,5.1663,1.7684
110,500,1.1336,43.283,0.63108,-0.52187,-0.41626,0.48834,0.42206,-0.99931,0.99833,0.62929,0.71936,2.8177,0.41423
110,500,1.1865,42.981,-0.57078,0.61119,0.11725,-0.45091,0.48839,0.30971,0.17621,-0.48149,0.72015,3.3164,0.46632
110,500,2.0168,45.196,0.32392,-0.96158,0.27701,-1,0.59187,1,1,0.99907,1.8327,2.7534,0.18405
