numParticles,numIterations,Jbest,Time Elapsed,xi1,xi2,xi3,xi4,vi1,vi2,vi3,vi4,t1,deltaE,t2,
110,250,1.264800657366349,28.643826,-0.4115019215624497,0.3818908952771886,-0.06634234556306473,0.427556910348464,-0.748848859459742,-0.2332135762965918,0.02158797114224754,-0.1116184721438204,0.7233697775479329,2.204710210695937,0.5414308798184161
1,1,1.204854,0.114773,1,-1,-0.0700582,-0.384152,0.598255,-0.68743,0.672446,-1,0.782749,2.88783,0.422105
