numParticles,numIterations,Jbest,Time Elapsed,xi1,xi2,xi3,xi4,vi1,vi2,vi3,vi4,t1,deltaE,t2,
100,50,11.4856467423859,6.423893,-0.1389557002578093,0.2034275736206102,0.4933039923204316,0.2027327076996175,0.07759247336344482,-1,0.2936357074567098,0.8701241262986877,0.670547560604883,2.858658379251392,0.07782810414911606
100,50,1.11028787776764,6.245738,-0.2740993163364686,0.971071478545107,0.5823016011763198,0.09719264017294232,-0.1399993359408104,-0.04844055303329205,-0.4539852132203641,-0.2880679217266138,0.6918194211541743,2.591538574868634,0.4184684566134662
100,50,1.505938565463061,6.856467,0.357892665134811,-0.7459127471508319,-0.9099307878089532,-0.8435173708378867,-0.7770581323313891,1,-0.4627595750366867,-0.7933486134409,0.8209041941604533,2.42739309005316,0.4259814901947949
100,50,3.336490319898493,5.491784,-0.3002535436842699,1,-0.6957032483324646,0.7573810692749768,-0.5596444793304909,-1,-0.3338844174301202,-0.715053906569906,0.7086571651922123,2.130788463288791,0.5173416252714707
100,50,1.687435841783131,6.999306,-1,-1,-0.444931927182827,1,-0.1213981510449439,-1,-0.8011393786952464,1,1.351493339335721,3.124729453540697,0.3359425024474099
