numParticles,numIterations,Jbest,Time Elapsed,xi1,xi2,xi3,xi4,vi1,vi2,vi3,vi4,t1,deltaE,t2,
100,100,1.306003026431031,11.658033,-0.8585619601322811,-0.2174509248784763,0.9435820846821126,-0.3392118733938416,-0.477739014107864,-0.620968623803122,0.6162543910023182,-0.1337459467801647,0.8556441475195971,2.648226367708979,0.4503588789114335
100,100,1.269238008450644,9.57654,0.9903968959777808,-0.325124561232165,-0.8614374376045055,0.7375805365137921,-0.3032488605606225,-1,0.004385871348226055,0.6330464658209419,0.8405955473969905,2.101029964576278,0.4286424610536541
100,100,1.103138688382773,9.879987,0.1751155885488298,-0.08809368547260236,-0.9972627827625334,0.1534228560719237,0.1028065890230326,0.6690854041336866,0.3497402835896093,-0.2055421987479775,0.6844959109153493,2.97487120399177,0.4186427774674234
100,100,1.302273634147888,10.461336,-0.661687978706035,-0.2134050103953788,-0.2635908588001935,0.01866617979580218,0.2853064133679669,0.3119490014979594,0.1537789423003386,-0.8634928816012117,0.9099005591856615,3.313732818521916,0.3923730749622264
100,100,2.138210216192988,15.527357,-0.6641470267660253,0.9625612334913376,-0.9925970760237363,0.05744276160549505,0.3879758444944798,-1,0.4826341247581548,0.2232533621210683,2.05506802789617,3.086864844253758,0.08314218829681801
