numParticles,numIterations,Jbest,Time Elapsed,xi1,xi2,xi3,xi4,vi1,vi2,vi3,vi4,t1,deltaE,t2,
110,1000,1.5961,93.103,-0.81679,-0.18079,0.21439,0.9998,0.24484,0.3117,-0.12651,-0.2311,1.1638,3.1455,0.43232
