numParticles,numIterations,Jbest,Time Elapsed,xi1,xi2,xi3,xi4,vi1,vi2,vi3,vi4,t1,deltaE,t2,
100,500,3.4586,49.626,-1,0.7052,0.53072,-0.61595,-1,-0.58621,0.59618,0.22093,1.6046,1.1863,0.47756
100,500,1.7054,51.323,0.098776,0.77492,-0.36548,-0.46978,0.29757,-0.61446,0.11279,-0.075157,1.364,3.0735,0.3414
