numParticles,numIterations,Jbest,Time Elapsed,xi1,xi2,xi3,xi4,vi1,vi2,vi3,vi4,t1,deltaE,t2,
100,100,4.1962,9.0249,-0.81509,-0.20155,0.28669,0.027194,0.1255,-0.23561,-0.13322,-0.31698,1.498,3.11,0.3386
100,100,1.7679,9.04,-0.4401,0.72302,0.18018,-0.51323,0.88964,-0.97549,1,-0.98737,1.3333,3.756,0.43461
100,100,5.8294,8.9442,-0.96092,0.90752,0.98424,-0.27356,-0.86189,-0.66434,0.5405,-0.52985,1.6762,1.5122,0.37167
